,timestamp,age,gender,year_of_study,faculty,accommodation,commute_time,type_of_study,working,hours_work,current_mode_of_learning,internet,availability_quiet_space,ratings_in_person_class,in_person_effectiveness_lecture,in_person_effectiveness_tutorial,in_person_effectiveness_project,in_person_effectiveness_lab,in_person_effectiveness_presentation,in_person_effectiveness_exam,in_person_academic_impacts,in_person_mental_impacts,ratings_online_class,online_learning_tools_preferred,online_effectiveness_lecture,online_effectiveness_tutorial,online_effectiveness_project,online_effectiveness_lab,online_effectiveness_presentation,online_effectiveness_exam,online_academic_impacts,online_mental_impacts,preferred_learning_mode,additional_thoughts,Driving,University bus,Grab/MyCar/Taxi,Public transport,Walking,Carpool,Direct interaction with lecturers,Easier to ask questions and get immediate feedback,Better engagement and focus,Opportunities for face-to-face collaboration with peers,"Access to university facilities (labs, library, etc.)",Clearer separation between study and personal life,Better for practical/lab-based subjects,Stronger sense of community with classmates,Fewer technical issues,Commuting time and costs,Fixed class schedules (less flexibility),Less comfortable learning environment (compared to home),Pace of learning may not suit everyone,Large class sizes can be intimidating,Health concerns (especially post-pandemic),Limited access to recorded lectures,Flexibility in schedule,Learn at your own pace,Comfort of learning from home/anywhere,Reduced commuting time and costs,Access to recorded lectures and materials,Development of digital literacy skills,"Easier to manage studies alongside other commitments (e.g., part-time work)",More accessible for students with disabilities or health issues,Variety of online learning tools and resources,"Technical issues (internet, software, hardware)",Lack of face-to-face interaction with lecturers and peers,Difficulty maintaining focus and motivation,Sense of isolation,Challenges with practical/lab-based subjects,Blurred lines between study and personal life,Concerns about assessment integrity,Digital fatigue/eye strain,Requires strong self-discipline,Prefer_in_person_Lecture,Prefer_in_person_Tutorials,Prefer_in_person_Project,Prefer_in_person_Lab,Prefer_in_person_Presentations,Prefer_in_person_Exam,Not_prefer_in_person,Prefer_online_Lecture,Prefer_online_Tutorials,Prefer_online_Project,Prefer_online_Lab,Prefer_online_Presentations,Prefer_online_Exam,Not_prefer_online
0,2025-05-25 20:33:37.080,25 - 29,Female,Postgraduate (Masters/PhD),Computer Science & IT,Off-campus,30 min to 1 hr,Part-time student,Yes,More than 30 hours per week,Hybrid / Blended - a mix of online and in-person,4,"Yes, sometimes",3,3,3,4,4,3,4,4,3,5,Google Meet,4,4,2,1,4,3,4,4,Hybrid / Blended - a mix of online and in-person,,True,False,False,False,False,False,True,True,True,True,False,False,False,False,False,True,False,False,True,False,False,False,True,True,True,True,True,True,False,False,False,False,False,True,False,True,False,False,False,True,False,False,True,True,False,False,False,True,True,False,False,False,False,False
1,2025-05-25 20:56:27.006,25 - 29,Female,1st Year,Computer Science & IT,Off-campus,15 min to 30 min,Full-time student,No,,Hybrid / Blended - a mix of online and in-person,3,"Yes, consistently",4,3,3,2,3,3,3,3,3,3,Microsoft Teams,3,2,2,3,2,2,2,2,Hybrid / Blended - a mix of online and in-person,,False,False,False,False,False,False,False,True,True,True,False,False,True,False,False,True,False,False,False,False,False,False,True,True,True,False,False,True,False,True,False,False,True,False,False,False,False,False,True,False,False,True,True,False,False,False,False,True,False,True,False,False,True,False
2,2025-05-25 21:12:13.068,25 - 29,Female,Postgraduate (Masters/PhD),Computer Science & IT,Off-campus,30 min to 1 hr,Full-time student,No,,Hybrid / Blended - a mix of online and in-person,4,"Yes, sometimes",4,3,3,3,3,3,3,2,2,5,Microsoft Teams,3,3,3,3,3,3,4,4,Fully Online,,True,False,False,False,False,False,False,False,True,False,False,False,False,False,False,False,False,False,False,False,False,True,True,True,True,True,True,True,False,True,True,False,True,False,False,False,False,False,False,False,False,False,False,False,False,False,True,True,True,True,True,True,True,False
3,2025-05-25 21:34:37.205,30 - 34,Male,Postgraduate (Masters/PhD),Computer Science & IT,Off-campus,Under 15 min,Part-time student,Yes,More than 30 hours per week,Hybrid / Blended - a mix of online and in-person,4,"Yes, consistently",4,3,3,3,3,4,1,3,2,4,Microsoft Teams,3,3,2,3,3,4,3,2,Hybrid / Blended - a mix of online and in-person,,True,False,False,False,False,False,False,True,True,True,False,False,False,False,False,True,False,False,False,False,False,True,False,False,False,True,True,False,False,False,True,False,True,True,True,False,False,False,False,True,True,False,True,False,True,False,False,False,False,False,False,False,True,False
4,2025-05-25 21:54:29.694,20 - 24,Female,Postgraduate (Masters/PhD),Computer Science & IT,Off-campus,15 min to 30 min,Full-time student,No,,Hybrid / Blended - a mix of online and in-person,3,"Yes, consistently",3,2,2,3,3,2,3,2,2,3,Microsoft Teams,3,1,3,2,4,2,3,3,Hybrid / Blended - a mix of online and in-person,,False,False,False,False,False,False,False,False,False,True,False,True,True,False,False,True,False,False,True,False,False,True,True,True,True,True,True,False,False,False,False,False,False,False,False,False,False,False,False,False,False,False,False,False,False,False,True,True,True,True,True,True,True,False
5,2025-05-25 22:08:33.452,30 - 34,Female,Postgraduate (Masters/PhD),Computer Science & IT,Off-campus,1 hr+,Part-time student,Yes,10 to 30 hours per week,Hybrid / Blended - a mix of online and in-person,3,"Yes, consistently",3,2,3,2,4,3,2,3,3,4,Microsoft Teams,3,2,2,3,3,4,3,3,Hybrid / Blended - a mix of online and in-person,"As I travel by public transport, I sometimes find it a bit troublesome to attend in-person class. However, some lecturers do take effort to make the face-to-face interaction engaging and hence worth coming. I find online class more convenient but I sometimes struggle with lab training when studying remotely.",False,False,False,True,False,False,True,True,True,True,False,False,True,False,False,True,False,False,False,False,False,True,True,True,True,True,True,False,False,False,False,False,True,False,False,True,False,False,False,True,False,True,False,True,False,False,False,True,False,True,False,True,True,False
6,2025-05-25 22:30:24.444,20 - 24,Female,Postgraduate (Masters/PhD),Computer Science & IT,Off-campus,30 min to 1 hr,Part-time student,Yes,More than 30 hours per week,Hybrid / Blended - a mix of online and in-person,4,"Yes, consistently",4,3,3,3,2,2,3,3,3,4,Microsoft Teams,4,3,3,3,4,3,3,3,Hybrid / Blended - a mix of online and in-person,,True,False,False,True,False,False,True,True,True,True,False,True,False,True,False,True,False,False,False,False,False,True,True,True,True,True,True,False,False,False,True,False,False,False,False,False,True,False,False,True,True,False,False,False,False,False,False,False,False,False,True,True,True,False
7,2025-05-25 23:04:52.294,25 - 29,Female,Postgraduate (Masters/PhD),Computer Science & IT,Off-campus,30 min to 1 hr,Full-time student,No,,Hybrid / Blended - a mix of online and in-person,4,"Yes, sometimes",5,4,4,4,4,4,4,4,3,5,Microsoft Teams,4,3,3,2,4,4,4,3,Hybrid / Blended - a mix of online and in-person,"Hybrid methods is ideal as both online and in-person method have its own pros and cons. By experiencing both methods, physical class can make the connection with lecturers and classmates become much closer. While online classes has its own flexibility where students can learn at their own pace.",True,False,False,False,False,False,True,True,False,False,False,True,True,True,False,True,False,False,False,False,False,True,True,True,True,True,True,False,False,False,False,False,False,False,True,True,False,False,False,False,False,True,False,True,False,False,False,True,False,True,False,True,True,False
8,2025-05-25 23:46:48.385,35 - 39,Female,Postgraduate (Masters/PhD),Computer Science & IT,Off-campus,30 min to 1 hr,Full-time student,Yes,10 to 30 hours per week,Hybrid / Blended - a mix of online and in-person,3,"Yes, consistently",4,3,3,3,3,3,3,3,3,4,Microsoft Teams,3,3,3,3,3,3,3,3,Hybrid / Blended - a mix of online and in-person,,True,False,False,False,False,False,True,False,True,True,False,False,False,False,False,True,False,False,False,False,False,False,False,True,True,True,False,False,False,False,False,False,True,True,False,False,False,False,False,False,True,True,False,False,False,False,False,False,False,True,False,False,False,False
9,2025-05-26 08:32:58.067,25 - 29,Female,Postgraduate (Masters/PhD),Computer Science & IT,Off-campus,15 min to 30 min,Part-time student,Yes,More than 30 hours per week,Fully Online,4,"Yes, consistently",4,4,3,3,3,3,3,3,3,4,Microsoft Teams,3,4,3,3,4,4,4,4,Fully Online,,True,False,False,False,False,False,True,True,True,True,False,False,False,False,False,True,False,False,False,False,False,True,True,True,True,True,True,False,False,False,False,False,True,True,False,False,False,False,False,True,False,False,False,False,False,False,True,True,True,True,True,True,True,False
10,2025-05-26 20:53:52.851,25 - 29,Female,Postgraduate (Masters/PhD),Computer Science & IT,Off-campus,30 min to 1 hr,Full-time student,No,,Hybrid / Blended - a mix of online and in-person,3,"Yes, consistently",3,3,3,4,3,2,3,3,2,3,Microsoft Teams,3,2,3,3,3,3,3,3,Hybrid / Blended - a mix of online and in-person,,True,False,False,False,False,False,True,True,True,True,False,False,False,False,False,True,False,False,True,False,False,False,True,False,True,True,True,False,False,False,False,False,True,True,False,False,False,False,False,False,False,True,True,False,False,False,False,True,False,False,True,True,True,False
11,2025-05-26 21:01:48.070,20 - 24,Female,1st Year,Computer Science & IT,Off-campus,Under 15 min,Full-time student,No,,Fully Online,4,"Yes, consistently",4,3,3,3,4,3,4,2,2,4,Microsoft Teams,3,3,3,3,3,3,3,3,Hybrid / Blended - a mix of online and in-person,,False,False,False,False,False,False,False,False,True,False,False,False,False,False,False,False,False,False,True,False,False,False,False,False,False,True,True,False,False,False,False,False,False,False,False,False,True,False,False,False,False,False,False,True,False,False,False,True,True,False,False,True,True,False
12,2025-05-26 21:05:48.265,25 - 29,Male,1st Year,Computer Science & IT,Off-campus,1 hr+,Part-time student,Yes,More than 30 hours per week,Hybrid / Blended - a mix of online and in-person,4,"Yes, sometimes",5,4,4,4,4,4,1,4,4,5,Microsoft Teams,2,2,2,2,4,4,4,2,Hybrid / Blended - a mix of online and in-person,,True,False,False,False,False,False,False,False,False,True,False,False,True,True,False,True,False,False,False,False,False,False,True,False,False,True,False,False,False,False,False,False,True,True,True,True,True,True,True,False,True,True,False,True,False,False,False,False,False,False,False,True,True,False
13,2025-05-26 21:10:54.094,49 and above,Male,Postgraduate (Masters/PhD),Computer Science & IT,Off-campus,1 hr+,Full-time student,No,,Hybrid / Blended - a mix of online and in-person,2,"Yes, sometimes",5,2,2,2,2,2,2,4,4,2,Google Meet,1,1,1,1,2,1,2,2,Fully In-Person,"Online classes need a stable system and tool (yet to find one in UM) to handle with, so it could compete with the importance or advantages of an in-person class.",False,False,False,True,False,False,True,True,True,True,False,True,True,True,False,True,False,False,False,False,False,False,True,False,False,True,False,False,False,False,False,False,True,True,True,True,True,True,True,False,False,False,False,False,False,False,True,False,False,False,True,True,True,False
14,2025-05-26 21:24:17.698,20 - 24,Female,Postgraduate (Masters/PhD),Engineering,Off-campus,15 min to 30 min,Full-time student,No,,Hybrid / Blended - a mix of online and in-person,4,"Yes, sometimes",4,2,2,3,3,3,3,4,3,4,Microsoft Teams,3,2,2,3,3,3,4,4,Hybrid / Blended - a mix of online and in-person,,False,False,False,False,False,False,False,False,False,True,False,False,False,False,False,False,False,False,False,True,False,False,False,False,False,False,False,True,False,True,False,False,True,False,False,False,False,False,False,False,False,False,True,False,False,False,False,False,False,False,True,True,False,False
15,2025-05-26 22:06:43.589,25 - 29,Male,Postgraduate (Masters/PhD),Computer Science & IT,Off-campus,30 min to 1 hr,Full-time student,No,,Hybrid / Blended - a mix of online and in-person,4,"Yes, consistently",4,3,3,3,2,2,2,3,3,3,Microsoft Teams,2,2,3,4,4,4,2,2,Hybrid / Blended - a mix of online and in-person,,True,False,False,False,False,False,False,True,True,True,False,True,False,True,False,True,False,False,False,False,False,True,False,True,False,True,True,True,False,False,True,False,True,True,True,False,True,False,False,True,True,True,True,False,False,False,False,False,False,False,True,True,True,False
16,2025-05-26 22:37:19.351,25 - 29,Female,Postgraduate (Masters/PhD),Education,Off-campus,30 min to 1 hr,Full-time student,Yes,Less than 10 hours per week,Hybrid / Blended - a mix of online and in-person,3,"Yes, consistently",3,2,4,4,3,3,2,3,3,3,Microsoft Teams,2,3,3,3,4,3,3,3,Hybrid / Blended - a mix of online and in-person,,False,False,False,True,False,True,False,True,False,True,False,True,False,True,True,True,False,False,False,False,False,False,True,False,True,True,True,False,False,True,False,False,False,True,False,False,False,False,True,True,False,True,True,True,False,False,False,True,False,False,False,True,True,False
17,2025-05-26 22:54:47.975,20 - 24,Male,Postgraduate (Masters/PhD),Computer Science & IT,Off-campus,30 min to 1 hr,Full-time student,No,,Hybrid / Blended - a mix of online and in-person,4,"Yes, consistently",5,4,4,3,4,2,3,3,3,5,Microsoft Teams,4,4,4,4,4,4,4,3,Fully Online,,False,False,False,True,False,False,True,True,True,True,False,False,False,True,False,True,False,False,False,True,False,False,True,True,True,True,True,True,False,False,True,False,False,False,True,False,False,False,True,False,True,False,False,False,False,False,False,True,True,True,True,True,True,False
18,2025-05-26 23:22:34.266,20 - 24,Female,Postgraduate (Masters/PhD),Computer Science & IT,Off-campus,30 min to 1 hr,Part-time student,Yes,10 to 30 hours per week,Hybrid / Blended - a mix of online and in-person,3,"Yes, sometimes",3,2,3,2,2,3,2,2,1,4,Microsoft Teams,3,3,3,2,4,4,3,3,Hybrid / Blended - a mix of online and in-person,-,False,False,False,True,False,False,False,False,False,True,False,False,False,True,False,False,False,False,False,False,False,True,True,True,False,True,False,False,False,True,False,False,False,False,False,False,False,True,False,False,False,False,False,False,True,False,False,True,True,False,False,False,False,False
19,2025-05-27 10:11:01.287,25 - 29,Female,Postgraduate (Masters/PhD),Computer Science & IT,Off-campus,30 min to 1 hr,Part-time student,Yes,More than 30 hours per week,Hybrid / Blended - a mix of online and in-person,3,"Yes, sometimes",4,4,4,4,4,2,2,3,3,4,Microsoft Teams,3,3,4,4,4,4,3,3,Hybrid / Blended - a mix of online and in-person,"Both have their advantages, suggest to do it in hybrid/ mix mode instead",True,False,False,False,False,False,True,True,True,True,False,True,True,False,True,True,False,False,False,False,False,True,False,False,True,True,True,False,False,False,False,False,True,True,False,False,False,False,False,True,True,True,True,True,False,False,False,True,False,False,False,True,True,False
20,2025-05-27 18:16:44.701,25 - 29,Female,Postgraduate (Masters/PhD),Computer Science & IT,Off-campus,Under 15 min,Full-time student,Yes,More than 30 hours per week,Hybrid / Blended - a mix of online and in-person,4,"Yes, consistently",4,3,3,2,3,2,2,4,4,4,Microsoft Teams,1,1,2,1,3,2,2,2,Hybrid / Blended - a mix of online and in-person,,True,False,False,False,False,False,True,True,True,True,False,True,True,True,False,False,False,False,False,False,False,True,True,True,True,True,True,True,False,False,True,False,True,True,False,True,False,False,False,True,True,True,True,True,False,False,False,False,False,False,False,True,True,False
21,2025-05-27 18:27:33.951,20 - 24,Female,Postgraduate (Masters/PhD),Computer Science & IT,Off-campus,30 min to 1 hr,Full-time student,No,,Hybrid / Blended - a mix of online and in-person,4,"Yes, sometimes",4,3,3,3,2,1,3,3,3,4,Microsoft Teams,3,3,3,2,4,3,3,3,Hybrid / Blended - a mix of online and in-person,,True,False,False,False,False,False,True,True,True,True,False,True,True,False,False,True,False,False,False,False,False,True,True,True,True,True,True,False,False,False,False,False,True,False,False,False,False,False,False,True,True,False,True,True,False,False,False,True,False,False,False,True,True,False
22,2025-05-27 18:41:26.041,25 - 29,Female,Postgraduate (Masters/PhD),Computer Science & IT,Off-campus,30 min to 1 hr,Part-time student,Yes,More than 30 hours per week,Hybrid / Blended - a mix of online and in-person,3,"Yes, sometimes",3,2,3,2,3,2,4,3,3,3,Microsoft Teams,3,2,3,3,3,4,3,2,Hybrid / Blended - a mix of online and in-person,"As a Malaysian, I find that Asian students are more passive when communicating in a group project if you paired with random groupmates. ",True,False,False,False,False,False,False,False,False,True,False,True,False,True,False,True,False,False,False,True,False,True,True,True,True,True,True,False,False,False,True,False,True,False,False,False,True,False,True,True,False,False,True,False,False,False,False,True,True,False,True,True,True,False
23,2025-05-27 20:24:03.146,20 - 24,Female,Postgraduate (Masters/PhD),Computer Science & IT,Off-campus,15 min to 30 min,Full-time student,Yes,More than 30 hours per week,Fully Online,4,"Yes, sometimes",4,4,4,4,4,3,2,3,3,4,Microsoft Teams,4,4,4,4,4,4,4,4,Fully Online,Online classes have more accessibility; in-person classes are more interactive,True,False,False,False,False,False,True,True,True,True,False,False,True,False,False,True,False,False,False,False,False,True,True,False,False,False,True,True,False,True,True,False,True,False,False,True,False,False,False,False,False,False,False,False,False,False,True,True,True,True,True,True,True,False
24,2025-05-28 08:41:14.818,25 - 29,Female,Postgraduate (Masters/PhD),Computer Science & IT,Off-campus,15 min to 30 min,Full-time student,No,,Hybrid / Blended - a mix of online and in-person,4,"Yes, consistently",4,4,4,4,2,2,2,4,3,3,Microsoft Teams,2,2,4,2,4,3,2,2,Hybrid / Blended - a mix of online and in-person,,False,False,False,True,True,False,True,False,True,True,False,True,False,True,False,False,False,False,False,False,False,False,False,False,True,True,True,False,False,True,False,False,True,True,False,False,True,False,False,True,True,True,True,True,False,False,False,False,False,False,False,True,True,False
25,2025-05-28 13:31:04.405,20 - 24,Female,Postgraduate (Masters/PhD),Computer Science & IT,Off-campus,30 min to 1 hr,Part-time student,No,,Hybrid / Blended - a mix of online and in-person,4,"Yes, consistently",4,4,4,4,4,4,4,3,2,5,Microsoft Teams,3,3,3,3,3,3,4,4,Hybrid / Blended - a mix of online and in-person,,True,False,False,False,False,False,True,False,True,True,False,False,False,True,False,True,False,False,False,False,False,True,True,True,True,True,True,True,False,False,True,False,True,True,False,False,True,False,False,True,True,False,False,True,False,False,True,True,True,True,True,True,True,False
26,2025-05-28 15:35:09.065,25 - 29,Male,Postgraduate (Masters/PhD),Computer Science & IT,Off-campus,1 hr+,Full-time student,No,,Hybrid / Blended - a mix of online and in-person,3,"Yes, consistently",4,4,3,3,3,3,3,4,4,4,Microsoft Teams,4,2,3,2,3,3,3,4,Hybrid / Blended - a mix of online and in-person,,False,False,False,True,False,False,True,True,True,True,False,True,True,True,True,True,False,False,False,False,False,False,True,True,True,True,True,True,False,True,True,False,True,True,True,True,False,True,False,True,True,True,True,True,True,False,False,True,False,True,False,False,True,False
27,2025-05-28 15:49:16.674,20 - 24,Female,4th Year,Arts & Social Sciences,Off-campus,30 min to 1 hr,Full-time student,Yes,10 to 30 hours per week,Hybrid / Blended - a mix of online and in-person,4,"Yes, sometimes",4,3,4,3,4,4,2,4,4,3,Zoom,2,3,3,2,2,2,2,2,Hybrid / Blended - a mix of online and in-person,Nil ,True,False,False,False,False,False,False,False,True,True,False,False,True,False,False,True,False,False,False,True,False,False,True,False,False,False,True,False,False,False,False,False,True,True,False,False,False,False,True,True,True,True,True,True,True,True,False,False,False,False,False,False,False,True
28,2025-05-28 16:08:29.978,20 - 24,Female,Postgraduate (Masters/PhD),Computer Science & IT,Hostel,15 min to 30 min,Full-time student,No,,Hybrid / Blended - a mix of online and in-person,3,"Yes, consistently",4,1,4,4,4,4,1,3,2,3,Microsoft Teams,1,4,4,4,4,1,3,2,Hybrid / Blended - a mix of online and in-person,,False,True,False,False,False,False,True,True,True,True,False,True,True,True,False,True,False,False,True,True,False,True,True,True,True,True,True,True,False,True,True,False,True,True,True,True,True,True,True,True,False,True,True,True,True,False,False,True,True,False,True,False,True,False
29,2025-05-28 18:11:15.480,25 - 29,Female,1st Year,Computer Science & IT,Off-campus,1 hr+,Full-time student,No,,Hybrid / Blended - a mix of online and in-person,3,"Yes, sometimes",4,3,4,4,4,2,3,3,2,4,Microsoft Teams,3,3,3,3,3,3,4,3,Fully Online,Hope there will be more online courses,False,False,False,True,False,False,True,False,True,False,False,False,False,True,False,True,False,False,False,True,False,False,True,True,True,True,True,False,False,False,True,False,False,True,False,False,True,False,False,True,True,True,True,False,False,True,False,True,True,False,False,True,True,False
30,2025-05-28 18:52:15.935,20 - 24,Female,Postgraduate (Masters/PhD),Computer Science & IT,Off-campus,15 min to 30 min,Full-time student,No,,Hybrid / Blended - a mix of online and in-person,3,"Yes, consistently",4,3,3,2,3,1,1,2,2,4,Microsoft Teams,2,3,3,2,4,4,3,4,Hybrid / Blended - a mix of online and in-person,,False,False,False,False,False,False,True,True,False,True,False,True,False,False,False,True,False,False,True,True,False,True,True,True,True,True,True,False,False,False,True,False,True,False,False,True,False,False,True,False,False,False,False,True,False,False,False,True,True,True,False,True,True,False
31,2025-05-28 19:19:06.652,30 - 34,Male,Postgraduate (Masters/PhD),Computer Science & IT,Off-campus,Under 15 min,Part-time student,Yes,More than 30 hours per week,Hybrid / Blended - a mix of online and in-person,4,"Yes, consistently",4,3,3,3,3,3,2,3,3,5,Microsoft Teams,4,4,4,3,4,4,4,3,Fully Online,No comment,False,False,False,False,False,False,False,False,True,False,False,False,True,False,False,True,False,False,False,False,False,True,True,True,True,True,True,True,False,True,True,False,False,False,False,False,False,False,True,True,False,False,True,False,False,False,False,True,True,False,True,True,True,False
32,2025-05-28 22:24:11.730,25 - 29,Male,Postgraduate (Masters/PhD),Computer Science & IT,Off-campus,15 min to 30 min,Full-time student,Yes,More than 30 hours per week,Hybrid / Blended - a mix of online and in-person,4,"Yes, consistently",3,3,3,3,3,2,2,3,3,4,Microsoft Teams,3,3,2,3,3,3,3,3,Hybrid / Blended - a mix of online and in-person,"No thoughts, I adapt to what is needed.",True,False,False,False,False,False,True,True,True,False,False,False,False,False,False,True,False,False,False,False,False,False,False,False,True,True,False,False,False,False,False,False,True,False,False,False,False,False,False,True,False,False,True,False,False,False,False,True,True,False,True,True,True,False
33,2025-05-28 23:30:57.144,30 - 34,Male,1st Year,Computer Science & IT,Off-campus,30 min to 1 hr,Part-time student,Yes,10 to 30 hours per week,Hybrid / Blended - a mix of online and in-person,3,"Yes, consistently",4,3,3,4,4,3,3,4,4,2,Microsoft Teams,1,1,1,1,2,2,1,2,Fully In-Person,"We can take 5 star course from Coursera or Udemy if preferred online learning. As studying one of the best university in Malaysia, we suppose to have more interaction with lectures and other classmates through offline mode. Thanks.",True,False,False,False,False,False,True,False,True,True,False,True,True,True,True,True,False,False,False,True,False,True,True,False,True,True,True,False,False,False,False,False,True,True,True,True,False,True,True,True,True,True,True,True,True,True,False,False,False,False,False,False,False,True
34,2025-05-29 08:04:49.515,25 - 29,Male,Postgraduate (Masters/PhD),Computer Science & IT,Off-campus,30 min to 1 hr,Part-time student,Yes,More than 30 hours per week,Hybrid / Blended - a mix of online and in-person,2,"Yes, sometimes",4,3,3,4,3,2,2,3,3,4,Microsoft Teams,3,4,2,2,3,4,3,3,Hybrid / Blended - a mix of online and in-person,"I believe the hybrid mode can be further enhanced to allow both in-person, live-video recording for easier review and access.",True,False,False,False,False,False,True,False,False,True,False,False,True,False,False,False,False,False,False,False,False,True,True,False,False,False,True,True,False,False,False,False,True,False,False,True,False,False,False,False,False,True,True,False,False,False,False,True,False,False,False,True,True,False
35,2025-05-29 08:27:58.309,25 - 29,Female,Postgraduate (Masters/PhD),Computer Science & IT,Off-campus,1 hr+,Part-time student,Yes,More than 30 hours per week,Hybrid / Blended - a mix of online and in-person,3,"Yes, consistently",3,3,4,3,3,2,2,3,2,4,Microsoft Teams,3,2,3,3,3,2,3,4,Fully Online,Facilities need to be improved.,True,False,False,False,False,False,True,False,False,False,False,False,False,False,False,True,False,False,True,True,False,False,True,True,True,True,True,False,False,True,False,False,False,False,False,False,False,True,False,False,False,False,False,False,False,False,True,True,False,True,False,True,True,False
36,2025-05-29 09:51:13.877,25 - 29,Male,1st Year,Computer Science & IT,Off-campus,30 min to 1 hr,Full-time student,No,,Hybrid / Blended - a mix of online and in-person,4,"Yes, consistently",2,2,3,3,3,3,3,2,2,5,Google Meet,4,4,4,4,4,4,4,4,Fully Online,"It is hoped that more and more online courses will be provided in the future, especially for international students!",False,False,False,False,False,False,True,False,True,False,False,False,False,False,False,True,False,False,True,True,False,False,True,True,True,True,True,True,False,True,True,False,False,False,False,False,False,False,True,False,False,False,True,False,False,False,False,False,False,False,False,False,False,True
37,2025-05-29 10:05:20.391,20 - 24,Female,Postgraduate (Masters/PhD),Computer Science & IT,Off-campus,1 hr+,Full-time student,Yes,More than 30 hours per week,Fully Online,3,"Yes, sometimes",4,3,3,3,3,3,3,3,3,5,Microsoft Teams,3,2,2,3,4,3,3,3,Hybrid / Blended - a mix of online and in-person,,False,False,False,True,False,False,True,True,True,True,False,False,False,True,True,True,False,False,False,False,False,False,True,True,True,True,True,True,False,True,True,False,False,True,False,False,False,False,False,True,False,True,True,True,False,False,False,True,False,False,False,True,True,False
38,2025-05-29 19:20:20.387,15 - 19,Female,2nd Year,Pure & Applied Sciences,Hostel,15 min to 30 min,Full-time student,No,,Hybrid / Blended - a mix of online and in-person,3,"Yes, sometimes",4,3,4,4,4,2,3,3,3,4,Microsoft Teams,3,2,2,2,3,3,3,2,Hybrid / Blended - a mix of online and in-person,,False,True,False,False,False,False,True,False,False,True,False,False,True,True,False,True,False,False,False,False,False,True,False,False,True,True,True,True,False,False,False,False,True,False,False,True,False,False,True,False,False,False,True,True,False,False,False,True,False,False,False,True,True,False
39,2025-05-29 19:27:10.792,25 - 29,Female,Postgraduate (Masters/PhD),Computer Science & IT,Off-campus,1 hr+,Full-time student,No,,Hybrid / Blended - a mix of online and in-person,3,"Yes, sometimes",3,3,3,3,3,2,2,3,3,3,Microsoft Teams,3,2,2,2,3,3,3,2,Hybrid / Blended - a mix of online and in-person,,False,False,False,True,False,False,True,True,False,True,False,False,True,True,False,True,False,False,False,False,False,True,False,False,True,True,True,False,False,False,False,False,True,False,False,True,False,False,True,False,False,False,True,True,False,False,False,True,True,False,False,True,True,False
40,2025-05-30 09:12:47.450,30 - 34,Female,Postgraduate (Masters/PhD),Health & Medical Sciences,Off-campus,30 min to 1 hr,Full-time student,No,,Fully In-Person,4,"Yes, consistently",4,4,4,4,3,4,3,4,4,4,Microsoft Teams,3,4,3,3,3,3,3,3,Hybrid / Blended - a mix of online and in-person,,True,False,False,False,False,False,False,False,True,False,False,True,False,False,False,True,False,False,False,False,False,False,True,True,False,True,True,False,False,False,False,False,False,True,False,False,True,False,True,True,True,False,False,False,True,True,False,False,True,True,True,False,False,False
41,2025-05-30 10:05:55.158,25 - 29,Female,Postgraduate (Masters/PhD),Health & Medical Sciences,Off-campus,15 min to 30 min,Full-time student,No,,Hybrid / Blended - a mix of online and in-person,3,"Yes, sometimes",3,3,3,3,3,3,3,3,3,5,Microsoft Teams,4,3,3,3,4,3,4,3,Hybrid / Blended - a mix of online and in-person,,False,False,False,True,False,False,True,False,True,True,False,True,False,False,True,True,False,False,True,False,False,True,True,True,True,True,True,False,False,False,True,False,False,True,False,False,False,False,False,True,True,True,False,False,False,True,False,False,False,True,False,True,False,False
42,2025-05-30 11:06:08.195,35 - 39,Female,Postgraduate (Masters/PhD),Business & Accountancy,Hostel,Under 15 min,Full-time student,No,,Hybrid / Blended - a mix of online and in-person,4,"Yes, consistently",4,3,3,3,3,3,3,4,4,4,Microsoft Teams,3,3,3,3,3,3,3,3,Hybrid / Blended - a mix of online and in-person, in-person university classes in Malaysia is very important. online comes second. ,True,False,False,False,False,False,True,True,True,True,False,True,True,True,True,True,False,False,True,True,False,False,True,True,True,True,True,True,False,True,True,False,True,True,True,True,True,True,True,True,True,True,True,True,True,True,False,True,True,True,True,True,True,False
43,2025-05-30 15:36:22.746,15 - 19,Female,Foundation,Foundation,Hostel,Under 15 min,Full-time student,No,,Hybrid / Blended - a mix of online and in-person,4,"Yes, consistently",5,4,4,4,4,4,4,4,2,3,Zoom,3,2,1,1,2,1,1,1,Fully In-Person,,False,False,False,False,True,False,True,True,True,True,False,True,True,False,True,False,False,False,True,False,False,True,True,True,True,False,True,True,False,False,True,False,True,True,False,True,True,False,False,True,True,True,True,True,True,True,False,True,False,False,False,False,False,False
44,2025-05-30 20:20:04.103,35 - 39,Female,1st Year,Computer Science & IT,Off-campus,15 min to 30 min,Full-time student,No,,Fully Online,3,"Yes, sometimes",4,3,4,4,4,4,4,4,4,4,Zoom,3,4,3,3,3,4,3,2,Hybrid / Blended - a mix of online and in-person,distraction during online class. Temptation to listen to recording and leave the live session ,False,True,False,True,False,False,True,True,True,True,False,False,False,False,False,True,False,False,False,True,False,True,True,True,False,True,True,False,False,False,False,False,True,False,True,False,False,False,False,False,True,True,False,True,False,True,False,True,True,False,False,True,True,False
45,2025-05-31 06:43:58.358,30 - 34,Male,Postgraduate (Masters/PhD),Arts & Social Sciences,Off-campus,15 min to 30 min,Part-time student,Yes,More than 30 hours per week,Hybrid / Blended - a mix of online and in-person,4,"Yes, consistently",4,2,2,3,4,3,3,3,3,5,Zoom,4,3,2,1,2,3,4,4,Hybrid / Blended - a mix of online and in-person,,True,False,False,False,False,False,True,False,False,False,False,False,True,True,False,True,False,False,True,False,False,False,True,True,True,True,True,False,False,True,True,False,False,True,False,True,False,False,True,False,False,False,True,True,False,False,False,True,True,False,False,True,True,False
46,2025-06-01 10:47:47.799,20 - 24,Female,3rd Year,Islamic Studies,Hostel,Under 15 min,Full-time student,No,,Fully In-Person,3,"Yes, consistently",4,3,3,3,3,3,3,3,3,4,Microsoft Teams,3,2,2,2,3,2,3,3,Hybrid / Blended - a mix of online and in-person,,True,False,False,False,False,False,True,True,True,True,False,False,False,False,False,False,False,False,True,True,False,True,False,False,True,True,True,True,False,False,False,False,True,True,False,False,False,True,False,False,True,True,True,False,False,True,False,False,False,False,False,True,False,False
47,2025-06-01 10:47:50.023,15 - 19,Female,1st Year,Business & Accountancy,Hostel,Under 15 min,Full-time student,No,,Hybrid / Blended - a mix of online and in-person,3,"Yes, consistently",4,4,4,3,4,4,4,3,3,3,Microsoft Teams,3,3,4,3,3,4,3,3,Hybrid / Blended - a mix of online and in-person,,False,True,False,False,False,False,True,False,True,False,False,False,False,False,True,False,False,False,False,True,False,False,False,True,True,False,False,False,False,False,False,False,True,False,False,False,False,False,False,True,True,True,False,True,True,False,False,False,False,True,False,False,True,False
48,2025-06-01 10:48:03.029,15 - 19,Male,Foundation,Foundation,Hostel,Under 15 min,Full-time student,No,,Fully In-Person,3,"Yes, consistently",5,3,4,4,4,4,3,3,4,4,Microsoft Teams,4,2,3,2,2,4,3,3,Hybrid / Blended - a mix of online and in-person,"To br honest , its actually depends on the lecturer , if theyre the type who only yap and not explaining things , then neither in-person nor online is effective.",False,True,False,False,True,False,True,True,True,False,False,True,True,False,False,False,False,False,True,True,False,True,False,True,False,False,True,False,False,True,False,False,True,True,False,False,True,False,True,True,False,True,True,True,True,False,False,True,False,False,False,False,True,False
49,2025-06-01 10:49:02.662,20 - 24,Male,1st Year,Pure & Applied Sciences,Off-campus,15 min to 30 min,Full-time student,Yes,Less than 10 hours per week,Fully In-Person,2,"Yes, consistently",1,1,2,2,2,2,2,3,3,1,Google Meet,2,2,2,2,2,2,2,2,Hybrid / Blended - a mix of online and in-person,,False,False,False,False,False,False,False,False,True,False,False,False,False,False,False,True,False,False,False,False,False,False,True,False,False,False,True,False,False,False,False,False,False,False,False,True,False,False,False,False,True,True,False,False,False,False,True,False,True,False,False,False,True,False
50,2025-06-01 10:50:34.729,15 - 19,Female,Foundation,Foundation,Hostel,Under 15 min,Full-time student,No,,Fully In-Person,4,"Yes, sometimes",4,3,4,4,4,4,4,4,3,3,Google Meet,3,2,2,1,2,2,1,1,Fully In-Person,,False,False,False,False,True,False,True,False,True,True,False,True,True,False,False,False,False,False,True,True,False,False,False,True,False,True,True,False,False,True,True,False,True,True,True,True,True,True,False,True,True,True,True,True,True,True,False,False,False,False,False,False,False,True
51,2025-06-01 10:50:45.420,15 - 19,Male,Foundation,Foundation,Hostel,Under 15 min,Full-time student,No,,Fully In-Person,4,"Yes, consistently",5,4,4,4,4,4,4,4,4,3,Microsoft Teams,3,3,3,1,3,3,2,2,Fully In-Person,,False,False,False,False,True,False,True,True,True,True,False,False,True,True,True,False,False,False,True,False,False,True,True,True,False,True,True,True,False,False,False,False,True,True,False,True,False,False,True,True,True,True,True,True,True,True,False,False,False,False,False,False,False,True
52,2025-06-01 10:50:52.238,20 - 24,Male,3rd Year,Computer Science & IT,Off-campus,Under 15 min,Full-time student,No,,Hybrid / Blended - a mix of online and in-person,3,"Yes, consistently",4,3,4,2,4,2,2,3,2,4,Microsoft Teams,2,3,4,2,4,4,4,3,Hybrid / Blended - a mix of online and in-person,,True,False,False,False,False,False,False,False,True,False,False,True,True,False,False,True,False,False,False,True,False,False,True,True,True,True,False,False,False,True,True,False,False,False,False,True,False,False,False,True,False,True,False,True,False,False,False,True,False,True,False,True,True,False
53,2025-06-01 10:51:58.209,20 - 24,Female,Postgraduate (Masters/PhD),Business & Accountancy,Off-campus,15 min to 30 min,Full-time student,No,,Fully In-Person,3,"Yes, sometimes",3,2,2,2,2,2,3,3,3,3,Microsoft Teams,2,2,2,2,3,2,3,3,Fully In-Person,,False,False,False,True,True,False,True,True,True,True,False,True,True,True,False,False,False,False,False,True,False,False,True,True,False,True,True,True,False,False,False,False,True,True,False,False,False,False,True,False,False,True,False,True,False,True,False,False,False,False,False,True,False,False
54,2025-06-01 10:52:19.424,20 - 24,Female,1st Year,Statistics ,Hostel,Under 15 min,Full-time student,No,,Hybrid / Blended - a mix of online and in-person,3,"Yes, consistently",4,2,2,2,2,2,2,3,3,4,Microsoft Teams,2,2,2,2,2,2,3,3,Hybrid / Blended - a mix of online and in-person,,False,True,False,True,False,False,False,False,True,True,False,False,False,False,False,False,False,False,True,True,False,False,False,True,True,True,False,False,False,False,False,False,True,False,False,False,False,False,False,False,False,False,False,False,False,True,False,False,True,True,False,True,False,False
55,2025-06-01 10:52:25.575,15 - 19,Male,Foundation,Arts & Social Sciences,Hostel,15 min to 30 min,Full-time student,No,,Fully In-Person,4,"Yes, sometimes",4,2,4,4,4,4,4,3,3,2,Google Meet,4,2,2,2,3,2,2,2,Hybrid / Blended - a mix of online and in-person,,True,False,False,False,False,False,True,True,True,True,False,True,True,True,True,False,False,False,True,True,False,False,False,True,True,True,True,True,False,True,True,False,True,True,True,True,True,True,True,True,False,True,True,False,True,True,False,True,False,False,False,False,False,False
56,2025-06-01 10:53:39.420,30 - 34,Female,Postgraduate (Masters/PhD),Arts & Social Sciences,Off-campus,15 min to 30 min,Full-time student,No,,Fully In-Person,3,"Yes, sometimes",4,3,3,3,3,3,3,4,3,3,Zoom,3,2,2,1,3,3,3,3,Hybrid / Blended - a mix of online and in-person,"I prefer in-person classes , which allows me to more intuitively feel the current knowledge and the teacher's expression. It also improves my concentration",False,False,False,False,True,False,True,True,True,True,False,True,False,False,False,False,False,False,False,True,False,True,True,True,False,False,True,False,False,False,True,False,True,True,False,False,False,False,False,True,False,True,True,True,False,True,False,True,False,False,False,True,False,False
57,2025-06-01 10:53:50.970,15 - 19,Male,Foundation,Foundation,Hostel,Under 15 min,Full-time student,No,,Fully In-Person,3,"Yes, sometimes",5,3,3,3,3,3,3,4,3,4,Microsoft Teams,3,3,3,3,3,3,3,3,Hybrid / Blended - a mix of online and in-person,,False,True,False,True,True,False,True,True,True,True,False,True,True,True,True,False,False,False,True,True,False,True,True,True,True,False,True,False,False,False,True,False,False,True,False,False,True,False,True,True,True,True,False,True,False,True,False,False,False,True,False,True,True,False
58,2025-06-01 10:54:26.874,15 - 19,Female,1st Year,Health & Medical Sciences,Hostel,Under 15 min,Full-time student,No,,Fully In-Person,3,"Yes, consistently",5,3,4,4,4,3,4,3,3,3,Microsoft Teams,3,2,2,1,3,3,3,3,Fully In-Person,,False,True,False,False,True,False,True,True,True,False,False,False,True,False,False,True,False,False,True,False,False,False,True,True,False,False,False,False,False,False,False,False,True,True,False,False,False,False,False,False,False,False,True,False,True,False,False,False,False,False,False,False,False,True
59,2025-06-01 10:54:50.428,15 - 19,Female,1st Year,Education,Hostel,Under 15 min,Full-time student,No,,Fully In-Person,3,"Yes, consistently",4,2,3,2,3,3,2,4,4,2,Microsoft Teams,2,1,2,1,1,3,2,3,Fully In-Person,,False,True,False,False,False,False,False,False,True,True,False,True,True,True,False,False,False,False,True,False,False,False,False,True,True,True,False,False,False,False,False,False,True,False,True,False,False,True,True,True,True,True,True,False,True,False,False,False,False,False,False,False,True,False
60,2025-06-01 10:55:38.294,15 - 19,Female,Foundation,Physical Science,Hostel,Under 15 min,Full-time student,No,,Fully In-Person,3,"Yes, sometimes",4,3,4,2,4,4,4,4,3,3,Microsoft Teams,2,1,1,1,3,1,2,1,Hybrid / Blended - a mix of online and in-person,,False,False,False,False,True,False,True,True,True,True,False,True,True,True,False,True,False,False,True,True,False,True,True,False,True,True,True,False,False,True,False,False,True,True,False,True,True,True,True,True,True,True,True,True,True,True,False,False,False,False,False,False,False,True
61,2025-06-01 10:55:42.490,15 - 19,Male,Foundation,Pure & Applied Sciences,Hostel,Under 15 min,Full-time student,No,,Fully In-Person,3,"Yes, sometimes",4,3,3,3,2,4,2,3,1,3,Microsoft Teams,3,2,2,1,4,3,3,4,Hybrid / Blended - a mix of online and in-person,,False,False,False,False,True,False,True,True,True,True,False,True,True,True,True,True,False,False,True,True,False,True,True,True,True,True,True,True,False,True,True,False,True,True,False,True,False,True,False,True,False,True,True,True,True,True,False,True,False,False,False,True,True,False
62,2025-06-01 10:56:05.758,25 - 29,Female,Postgraduate (Masters/PhD),Arts & Social Sciences,Hostel,30 min to 1 hr,Full-time student,No,,Fully In-Person,3,"Yes, sometimes",4,3,3,3,3,4,4,4,4,3,Microsoft Teams,2,2,2,2,3,3,2,3,Hybrid / Blended - a mix of online and in-person,,False,False,False,False,True,False,True,True,True,True,False,False,False,True,False,False,False,False,True,True,False,False,True,False,False,True,True,False,False,False,False,False,True,True,False,False,False,False,False,True,True,False,False,False,False,False,False,False,False,True,False,False,False,False
63,2025-06-01 10:56:20.907,15 - 19,Female,1st Year,Health & Medical Sciences,Hostel,Under 15 min,Full-time student,No,,Fully In-Person,3,"Yes, sometimes",4,3,4,4,4,4,4,4,4,3,Microsoft Teams,2,3,3,2,3,2,2,2,Fully In-Person,I love in person university classes because it help me to understand the lecture well and also got many tips from the lectures during lecture ,False,True,False,False,True,False,True,True,True,True,False,True,True,True,True,False,False,False,False,True,False,False,False,False,False,False,False,True,False,True,True,False,True,True,True,True,True,True,True,True,False,True,True,True,True,True,False,False,False,False,False,False,False,True
64,2025-06-01 10:56:22.315,15 - 19,Female,Foundation,Life Science,Hostel,Under 15 min,Full-time student,No,,Fully In-Person,4,"Yes, sometimes",5,3,4,4,4,4,4,4,4,4,Google Meet,2,3,2,1,3,2,2,3,Hybrid / Blended - a mix of online and in-person,,False,True,False,False,True,False,True,True,True,True,False,True,True,True,True,False,False,False,False,False,False,True,False,False,True,True,True,True,False,False,True,False,True,True,False,True,True,True,True,True,False,True,True,True,True,True,False,True,False,False,False,False,False,False
65,2025-06-01 10:57:32.216,15 - 19,Female,Foundation,Foundation,Hostel,15 min to 30 min,Full-time student,No,,Hybrid / Blended - a mix of online and in-person,3,"Yes, sometimes",3,3,3,4,4,3,3,3,3,3,Microsoft Teams,2,2,3,1,1,2,2,3,Hybrid / Blended - a mix of online and in-person,-,False,True,False,True,True,False,True,True,True,True,False,True,True,False,True,False,False,False,True,True,False,True,True,True,True,True,True,False,False,True,True,False,True,True,False,False,True,True,True,True,True,True,False,True,True,True,False,False,False,True,False,False,False,False
66,2025-06-01 10:57:48.039,20 - 24,Female,3rd Year,Arts & Social Sciences,Hostel,Under 15 min,Full-time student,Yes,Less than 10 hours per week,Hybrid / Blended - a mix of online and in-person,3,"Yes, consistently",4,4,3,3,4,4,3,4,4,5,Google Meet,3,1,1,1,3,4,2,4,Hybrid / Blended - a mix of online and in-person,-,True,True,False,False,False,False,True,True,True,True,False,False,False,True,False,True,False,False,False,False,False,False,True,True,True,False,True,False,False,False,False,False,True,True,False,False,False,False,False,False,True,False,False,False,True,True,False,False,False,False,False,False,True,False
67,2025-06-01 11:00:09.095,25 - 29,Female,1st Year,Arts & Social Sciences,Off-campus,15 min to 30 min,Full-time student,No,,Hybrid / Blended - a mix of online and in-person,4,"Yes, consistently",3,2,2,2,2,2,2,3,3,4,Microsoft Teams,3,2,2,2,3,3,4,4,Hybrid / Blended - a mix of online and in-person,,False,True,False,False,False,False,False,False,True,False,False,False,False,True,False,True,False,False,False,False,False,True,True,True,True,True,True,False,False,True,True,False,False,True,False,False,False,False,False,True,True,False,True,False,False,False,False,True,True,True,True,True,True,False
68,2025-06-01 11:04:06.118,25 - 29,Female,4th Year,Education,Off-campus,15 min to 30 min,Full-time student,Yes,Less than 10 hours per week,Fully In-Person,3,"Yes, consistently",4,3,4,4,4,3,3,3,2,3,Google Meet,3,3,4,3,3,3,3,3,Fully Online,,True,False,False,False,False,False,True,False,False,True,False,False,False,True,False,False,False,False,False,True,False,False,True,True,False,False,False,False,False,False,False,False,True,False,True,True,True,False,True,False,True,False,True,False,False,False,False,False,True,True,False,True,False,False
69,2025-06-01 11:05:58.541,15 - 19,Female,5th year,Health & Medical Sciences,Hostel,Under 15 min,Full-time student,No,,Fully In-Person,3,"Yes, consistently",5,4,4,4,4,4,4,4,4,5,Google Meet,2,2,2,2,2,2,2,2,Fully In-Person,,False,False,False,False,True,False,True,True,True,True,False,True,True,True,False,False,False,False,False,False,False,True,True,True,False,False,False,False,False,False,False,False,True,True,False,True,False,False,False,True,True,True,True,True,True,True,False,True,False,False,False,False,False,False
70,2025-06-01 11:08:31.347,20 - 24,Female,4th Year,Islamic Studies,Hostel,Under 15 min,Full-time student,No,,Hybrid / Blended - a mix of online and in-person,3,"Yes, consistently",5,3,3,4,4,4,3,4,4,5,Microsoft Teams,4,3,3,2,3,4,4,4,Hybrid / Blended - a mix of online and in-person,I love hybrid method. Both online and physical class help me to improve my studies,False,True,False,True,False,False,True,True,True,False,False,False,False,True,False,False,False,False,False,True,False,False,True,True,False,False,True,True,False,False,False,False,True,True,True,True,False,False,True,False,True,False,True,False,True,False,False,False,True,False,False,False,True,False
71,2025-06-01 11:08:47.814,20 - 24,Male,2nd Year,Engineering,Off-campus,Under 15 min,Full-time student,No,,Fully In-Person,3,"Yes, consistently",4,3,3,3,3,4,4,3,3,3,Microsoft Teams,3,3,3,3,3,4,3,3,Fully In-Person,,True,False,False,False,False,False,True,True,True,True,False,False,False,False,False,True,False,False,False,False,False,False,False,True,True,True,False,False,False,False,False,False,True,True,True,False,False,False,False,False,False,True,True,False,True,False,False,True,False,False,False,True,False,False
72,2025-06-01 11:10:01.533,25 - 29,Male,Postgraduate (Masters/PhD),Arts & Social Sciences,Off-campus,Under 15 min,Full-time student,No,,Fully In-Person,3,"Yes, consistently",5,2,3,3,3,2,3,4,4,4,Google Meet,2,1,1,2,3,1,2,3,Hybrid / Blended - a mix of online and in-person,,True,False,False,False,False,False,True,True,True,True,False,False,True,True,True,False,False,False,False,False,False,True,True,True,False,True,False,False,False,True,False,False,True,True,True,True,False,False,False,True,True,False,True,True,False,False,False,False,True,False,False,True,True,False
73,2025-06-01 11:12:11.883,20 - 24,Female,2nd Year,Engineering,Off-campus,Under 15 min,Full-time student,No,,Hybrid / Blended - a mix of online and in-person,3,"Yes, sometimes",4,4,4,4,4,4,4,2,2,4,Microsoft Teams,4,4,4,4,4,4,3,3,Hybrid / Blended - a mix of online and in-person,,True,False,False,False,False,False,True,False,True,False,False,False,False,False,False,True,False,False,True,False,False,False,True,True,False,False,True,False,False,False,True,False,True,False,True,False,False,False,True,False,True,False,True,True,True,True,False,False,True,False,False,False,False,False
74,2025-06-01 11:12:18.474,25 - 29,Female,Postgraduate (Masters/PhD),Arts & Social Sciences,Off-campus,15 min to 30 min,Full-time student,No,,Hybrid / Blended - a mix of online and in-person,4,"Yes, consistently",3,2,2,2,2,2,2,4,3,4,Google Meet,2,3,2,3,2,2,3,3,Hybrid / Blended - a mix of online and in-person,,False,False,False,False,False,False,True,True,True,False,False,False,False,False,True,True,False,False,False,False,False,False,True,True,True,True,True,False,False,False,False,False,True,True,True,False,False,False,False,False,True,False,True,True,False,False,False,False,True,True,True,False,False,False
75,2025-06-01 11:14:27.914,30 - 34,Female,3rd Year,Arts & Social Sciences,Hostel,15 min to 30 min,Full-time student,No,,Fully In-Person,2,"Yes, consistently",3,4,4,4,4,4,4,4,4,1,Microsoft Teams,1,1,1,1,1,1,1,1,Fully In-Person,,False,True,False,False,False,False,True,True,True,True,False,True,True,True,True,False,False,False,False,False,False,True,True,True,False,False,False,False,False,False,False,False,True,True,False,True,True,False,False,False,True,True,True,True,True,True,False,False,False,True,False,False,False,False
76,2025-06-01 11:14:56.879,25 - 29,Female,Postgraduate (Masters/PhD),Engineering,Off-campus,15 min to 30 min,Full-time student,No,,Hybrid / Blended - a mix of online and in-person,1,"Yes, sometimes",4,3,1,2,2,1,1,2,2,4,Microsoft Teams,3,1,1,1,1,1,2,2,Hybrid / Blended - a mix of online and in-person,,False,True,False,False,False,False,True,True,False,True,False,False,False,False,False,True,False,False,False,True,False,False,True,True,False,True,False,False,False,False,False,False,True,False,True,False,False,True,False,False,True,True,False,False,False,False,False,True,True,False,False,False,False,False
77,2025-06-01 11:15:21.907,25 - 29,Female,1st Year,Education,Hostel,15 min to 30 min,Full-time student,Yes,Less than 10 hours per week,Fully In-Person,4,"Yes, consistently",5,4,4,4,4,4,4,4,4,5,Google Meet,4,4,4,4,4,4,4,4,Fully In-Person,,False,False,False,False,False,False,True,True,True,True,False,False,False,False,False,False,False,False,False,False,False,False,True,False,False,False,False,False,False,False,False,False,True,False,False,False,False,False,False,False,True,False,False,False,False,False,False,True,False,False,False,False,False,False
78,2025-06-01 11:17:07.522,20 - 24,Female,4th Year,Linguistics,Off-campus,Under 15 min,Full-time student,No,,Hybrid / Blended - a mix of online and in-person,3,"Yes, sometimes",5,3,3,4,1,3,3,4,4,5,Microsoft Teams,4,2,1,1,4,3,4,4,Hybrid / Blended - a mix of online and in-person,"Online mode challenge my discipline and will to stay focus and motivated. Mix mode is better as I don't have to travel to the class everyday. And have enough time to prepare myself for physical class or online mode. All in all, it depends on individuals too. ",False,False,False,True,False,False,True,True,True,True,False,False,False,True,False,False,False,False,True,False,False,True,False,True,True,True,True,True,False,False,True,False,True,True,False,False,False,False,False,True,False,True,True,False,True,False,False,True,False,False,False,True,True,False
79,2025-06-01 11:18:36.803,20 - 24,Male,2nd Year,Pure & Applied Sciences,Off-campus,30 min to 1 hr,Full-time student,No,,Hybrid / Blended - a mix of online and in-person,3,"Yes, sometimes",3,3,4,4,4,3,4,4,3,2,Microsoft Teams,2,1,1,1,2,2,1,2,Fully In-Person,,False,True,False,False,False,False,True,True,True,True,False,True,True,False,False,True,False,False,False,False,False,False,False,False,False,True,False,False,False,True,False,False,True,True,False,True,True,True,True,True,True,True,True,True,True,True,False,False,False,False,False,False,False,True
80,2025-06-01 11:19:27.430,25 - 29,Male,Postgraduate (Masters/PhD),Engineering,Off-campus,Under 15 min,Full-time student,No,,Fully In-Person,3,"Yes, sometimes",5,3,3,2,4,4,4,3,3,4,Microsoft Teams,2,2,1,1,3,4,2,4,Fully In-Person,,False,True,False,True,True,False,True,False,True,False,False,False,False,False,False,False,False,False,False,False,False,True,True,False,False,False,False,False,False,False,False,False,True,True,False,False,False,False,False,False,True,True,True,True,False,False,False,False,False,False,False,True,True,False
81,2025-06-01 11:19:31.791,15 - 19,Female,Foundation,Foundation,Off-campus,15 min to 30 min,Full-time student,No,,Fully In-Person,3,"No, rarely",4,3,3,4,4,3,2,3,2,4,Google Meet,2,3,1,2,4,4,3,4,Fully In-Person,,False,True,False,False,False,False,True,True,True,False,False,True,True,False,True,True,False,False,True,True,False,True,True,True,True,True,True,False,False,True,False,False,False,True,False,True,False,True,False,True,False,False,True,True,False,False,False,True,True,False,False,True,True,False
82,2025-06-01 11:23:00.281,25 - 29,Female,2nd Year,Business & Accountancy,Hostel,15 min to 30 min,Part-time student,Yes,More than 30 hours per week,Hybrid / Blended - a mix of online and in-person,2,"Yes, consistently",4,3,3,3,2,3,3,4,2,3,Microsoft Teams,2,1,1,1,3,3,2,2,Hybrid / Blended - a mix of online and in-person,I prefer online but in person is more effective,False,False,False,False,False,False,True,True,True,False,False,True,False,True,False,False,False,False,False,True,False,True,True,True,False,True,True,False,False,True,False,False,True,True,True,False,True,True,False,True,True,True,True,True,False,True,False,False,False,False,False,False,False,True
83,2025-06-01 11:28:02.602,20 - 24,Female,Postgraduate (Masters/PhD),Linguistics,Off-campus,Under 15 min,Full-time student,No,,Hybrid / Blended - a mix of online and in-person,3,"Yes, sometimes",4,3,3,2,2,2,2,4,4,4,Microsoft Teams,3,2,1,1,2,3,3,2,Hybrid / Blended - a mix of online and in-person,no,False,False,False,False,False,False,True,True,False,False,False,False,False,False,False,False,False,False,True,True,False,False,True,True,True,False,False,False,False,False,False,False,True,False,False,False,False,False,True,False,True,False,False,True,False,False,False,True,False,False,False,False,False,False
84,2025-06-01 11:29:22.806,20 - 24,Female,1st Year,Business & Accountancy,Off-campus,15 min to 30 min,Full-time student,No,,Fully In-Person,3,"Yes, sometimes",5,3,4,3,4,3,4,3,3,4,Microsoft Teams,3,4,3,3,3,3,3,3,Hybrid / Blended - a mix of online and in-person,,True,False,False,False,False,False,True,True,True,True,False,False,True,True,False,True,False,False,True,False,False,True,True,True,False,True,True,False,False,False,False,False,True,True,False,False,False,False,True,False,True,True,True,True,True,True,False,False,False,False,False,True,True,False
85,2025-06-01 11:29:47.543,20 - 24,Male,2nd Year,Pure & Applied Sciences,Hostel,Under 15 min,Full-time student,No,,Hybrid / Blended - a mix of online and in-person,3,"Yes, sometimes",3,3,3,4,3,4,4,3,3,4,Microsoft Teams,3,3,4,3,2,3,3,3,Hybrid / Blended - a mix of online and in-person,I think UM have a great job in integrating online and in person learning,True,False,False,False,False,False,True,True,True,True,False,False,False,True,False,False,False,False,True,False,False,False,True,True,True,False,False,True,False,False,False,False,True,True,False,False,False,False,False,True,False,False,True,True,True,True,False,True,True,False,False,False,False,False
86,2025-06-01 11:34:20.625,15 - 19,Female,Foundation,Foundation,Hostel,Under 15 min,Full-time student,No,,Fully In-Person,4,"Yes, consistently",4,3,4,4,4,3,3,4,3,5,Microsoft Teams,2,2,3,2,4,4,3,4,Fully In-Person,,False,False,False,False,True,False,True,True,True,True,False,False,True,True,False,False,False,False,True,False,False,False,True,False,True,True,True,False,False,False,False,False,True,True,True,True,False,False,True,True,True,True,True,True,False,False,False,False,False,False,False,True,False,False
87,2025-06-01 11:36:39.104,30 - 34,Female,Postgraduate (Masters/PhD),Arts & Social Sciences,Off-campus,1 hr+,Full-time student,No,,Hybrid / Blended - a mix of online and in-person,2,"No, never",3,3,3,3,3,3,3,2,2,2,Google Meet,2,2,2,2,1,1,2,2,Hybrid / Blended - a mix of online and in-person,,True,False,False,False,False,False,True,True,True,True,False,False,False,False,False,False,False,False,False,False,False,True,False,False,False,False,True,False,False,False,False,False,True,True,False,True,True,True,True,True,True,True,False,False,True,True,False,False,False,True,False,False,False,False
88,2025-06-01 11:37:31.329,20 - 24,Female,Postgraduate (Masters/PhD),Business & Accountancy,Off-campus,15 min to 30 min,Full-time student,No,,Fully In-Person,2,"Yes, consistently",4,3,3,3,3,3,3,4,3,3,Microsoft Teams,3,3,3,3,3,3,3,3,Fully In-Person,The technical problem may lead an unhappy experience in study.,False,False,False,True,False,False,True,True,True,True,False,False,False,False,False,False,False,False,False,False,False,False,True,True,False,False,False,False,False,False,False,False,True,True,False,False,False,False,False,False,True,True,False,False,False,False,False,False,False,True,False,False,False,False
89,2025-06-01 11:37:47.107,25 - 29,Male,Postgraduate (Masters/PhD),Education,Off-campus,Under 15 min,Full-time student,No,,Hybrid / Blended - a mix of online and in-person,4,"Yes, consistently",5,4,3,3,3,3,3,4,3,4,Google Meet,3,2,2,1,3,3,2,2,Fully In-Person,,True,False,False,True,False,False,True,True,True,True,False,True,False,True,True,True,False,False,False,False,False,False,True,False,False,True,False,False,False,False,False,False,True,True,False,False,True,False,True,False,True,True,True,True,False,False,False,False,False,False,False,True,True,False
90,2025-06-01 11:38:32.937,20 - 24,Female,1st Year,Computer Science & IT,Off-campus,30 min to 1 hr,Full-time student,Yes,10 to 30 hours per week,Fully In-Person,3,"Yes, sometimes",3,3,2,2,2,2,3,4,3,3,Google Meet,3,2,2,2,2,3,4,3,Fully In-Person,,False,True,False,True,False,False,False,True,False,False,False,True,False,False,False,False,False,False,False,False,False,False,True,False,False,False,True,False,False,False,False,False,False,True,False,False,False,False,True,True,True,True,False,False,False,True,False,True,True,False,False,False,True,False
91,2025-06-01 11:43:16.747,15 - 19,Male,Foundation,Computer Science & IT,Hostel,Under 15 min,Full-time student,No,,Fully In-Person,3,"Yes, sometimes",5,4,4,4,4,4,4,4,4,5,Google Meet,3,3,3,3,3,3,3,3,Fully In-Person,,False,False,False,False,True,False,True,False,False,False,False,False,False,False,False,False,False,False,True,False,False,False,True,False,False,False,False,False,False,False,False,False,False,False,False,False,False,False,False,False,True,True,True,True,True,True,False,False,False,False,False,False,False,True
92,2025-06-01 11:44:47.026,40 - 44,Female,Postgraduate (Masters/PhD),Arts & Social Sciences,Off-campus,Under 15 min,Part-time student,Yes,Less than 10 hours per week,Hybrid / Blended - a mix of online and in-person,2,"Yes, sometimes",3,3,3,3,3,3,3,4,4,3,Microsoft Teams,1,1,1,1,1,1,2,2,Fully In-Person,,False,True,False,False,False,False,True,True,True,True,False,True,True,True,True,True,False,False,False,False,False,False,True,True,True,True,True,True,False,True,True,False,True,True,True,True,True,True,True,True,True,True,True,True,True,True,False,False,False,False,False,False,False,True
93,2025-06-01 11:44:51.031,15 - 19,Male,Foundation,Foundation,Hostel,Under 15 min,Full-time student,No,,Fully In-Person,2,"Yes, sometimes",5,2,4,4,4,4,4,4,4,3,Google Meet,3,1,1,1,1,1,2,1,Fully In-Person,,False,True,False,True,True,False,True,True,True,True,False,True,True,True,True,False,False,False,True,False,False,True,True,False,False,False,True,False,False,True,False,False,True,True,True,True,True,True,True,True,False,True,True,True,True,True,False,True,False,False,False,False,False,False
94,2025-06-01 11:48:40.136,45 - 49,Male,Postgraduate (Masters/PhD),Business & Accountancy,Off-campus,15 min to 30 min,Part-time student,Yes,Less than 10 hours per week,Hybrid / Blended - a mix of online and in-person,4,"Yes, consistently",4,3,2,3,3,3,3,3,3,2,Google Meet,3,2,2,2,3,2,3,3,Fully In-Person,,True,False,False,False,False,False,True,True,True,True,False,False,False,True,True,True,False,False,False,True,False,False,True,True,True,True,False,True,False,False,True,False,True,False,False,False,False,False,True,True,True,True,False,False,False,True,False,True,False,False,False,True,False,False
95,2025-06-01 11:50:08.917,20 - 24,Male,3rd Year,Pure & Applied Sciences,Off-campus,30 min to 1 hr,Full-time student,No,,Fully In-Person,3,"Yes, consistently",4,4,3,4,4,1,1,4,4,4,Microsoft Teams,4,2,3,4,2,3,1,3,Fully Online,,False,True,False,False,True,False,True,False,True,False,False,False,True,False,False,True,False,False,False,False,False,False,False,False,True,True,False,False,False,False,False,False,True,False,False,True,False,False,False,True,False,True,True,True,False,False,False,True,False,False,False,True,True,True
96,2025-06-01 11:52:44.436,20 - 24,Male,2nd Year,Pure & Applied Sciences,Off-campus,Under 15 min,Full-time student,No,,Hybrid / Blended - a mix of online and in-person,4,"Yes, sometimes",1,3,4,4,4,3,2,3,3,1,Microsoft Teams,4,2,2,2,4,4,3,3,Hybrid / Blended - a mix of online and in-person,"
",False,False,False,False,True,False,True,True,False,True,False,False,True,False,False,True,False,False,False,True,False,True,True,True,True,True,True,False,False,False,True,False,True,False,False,True,False,False,False,True,False,True,True,True,False,False,False,True,False,False,False,True,True,False
97,2025-06-01 11:58:19.503,20 - 24,Male,1st Year,Computer Science & IT,Off-campus,Under 15 min,Full-time student,No,,Fully Online,4,"Yes, consistently",4,3,3,3,1,1,3,4,4,4,Microsoft Teams,4,4,4,4,1,1,4,4,Hybrid / Blended - a mix of online and in-person,,False,True,False,False,True,False,True,False,True,False,False,False,True,False,False,True,False,False,False,True,False,False,True,False,True,False,True,False,False,False,False,False,False,True,False,True,False,False,False,True,False,True,True,True,False,False,False,True,False,False,False,True,True,True
98,2025-06-01 11:59:08.379,20 - 24,Female,3rd Year,Linguistics,Hostel,Under 15 min,Full-time student,Yes,10 to 30 hours per week,Hybrid / Blended - a mix of online and in-person,4,"Yes, consistently",5,4,4,4,4,4,4,4,4,5,Microsoft Teams,4,3,3,3,4,3,4,4,Fully In-Person,,False,True,False,False,False,False,True,True,True,True,False,False,False,False,False,True,False,False,False,False,False,False,True,True,True,False,False,False,False,False,True,False,True,True,False,True,False,False,False,False,True,True,True,False,True,False,False,True,True,False,False,False,False,False
99,2025-06-01 11:59:37.299,15 - 19,Male,4th Year,Pure & Applied Sciences,Hostel,30 min to 1 hr,Full-time student,No,,Fully In-Person,3,"No, rarely",4,3,4,4,4,2,2,3,3,4,Microsoft Teams,3,3,2,2,4,3,3,2,Hybrid / Blended - a mix of online and in-person,,False,True,False,False,True,False,True,True,True,True,False,False,True,True,False,True,False,False,False,False,False,True,False,True,True,True,True,True,False,False,True,False,True,False,False,True,False,False,True,False,True,True,True,True,False,False,False,False,False,False,False,True,True,False
100,2025-06-01 12:05:16.959,15 - 19,Female,Foundation,Physical Science,Hostel,Under 15 min,Full-time student,No,,Fully In-Person,4,"Yes, consistently",5,4,3,4,4,4,4,4,4,4,Microsoft Teams,3,2,1,2,3,2,2,2,Fully In-Person,,False,False,False,False,True,False,True,True,True,False,False,True,False,False,False,True,False,False,True,False,False,False,True,True,False,True,True,False,False,False,False,False,True,True,True,False,True,False,True,True,True,False,True,False,True,True,False,False,False,False,False,False,False,True
101,2025-06-01 14:57:00.083,25 - 29,Male,Postgraduate (Masters/PhD),Pure & Applied Sciences,Off-campus,Under 15 min,Full-time student,No,,Fully In-Person,4,"Yes, sometimes",3,3,3,3,4,3,4,4,3,3,Google Meet,2,2,2,2,2,1,1,2,Hybrid / Blended - a mix of online and in-person,"Nothing much, I hope that management actually improve their performance ",True,False,False,False,False,False,False,False,True,False,False,True,False,False,False,False,False,False,False,True,False,False,False,True,False,False,False,False,False,False,False,False,False,False,False,True,False,True,False,True,True,False,False,False,False,False,False,False,False,False,False,True,False,False
102,2025-06-01 18:07:11.529,20 - 24,Male,4th Year,Business & Accountancy,Hostel,Under 15 min,Full-time student,No,,Hybrid / Blended - a mix of online and in-person,4,"Yes, consistently",1,3,3,3,3,3,3,3,3,1,Google Meet,3,4,3,3,4,4,3,3,Hybrid / Blended - a mix of online and in-person,Good ,False,True,False,False,True,False,False,False,True,False,False,False,False,False,False,True,False,False,False,False,False,False,True,True,True,True,False,False,False,False,False,False,True,True,False,False,False,False,False,False,False,False,True,True,False,False,False,True,True,False,False,True,True,False
